export-plot data (NetLogo 6.3.0),,,,,,,,,,,,,,,,,,,,,,,,,,,,,,,
GutLogo.nlogo.txt,,,,,,,,,,,,,,,,,,,,,,,,,,,,,,,
08/26/2023 09:49:32:580 -0500,,,,,,,,,,,,,,,,,,,,,,,,,,,,,,,
,,,,,,,,,,,,,,,,,,,,,,,,,,,,,,,
MODEL SETTINGS,,,,,,,,,,,,,,,,,,,,,,,,,,,,,,,
,initnumclosts,bacteroiddoub,inflowfo,clostdoub,inconcbifido,unstuckchance,testconst,desulfodoub,seedchance,initnumdesulfos,reservefraction,inflowlactate,randdist,inconcbacteroides,flowdist,inflowcs,inconcdesulfos,lowstuckbound,bifidodoub,tickinflow,seedpercent,inconcclosts,bifido-lactate-production,plots-on?,absorption,initnumbifidos,inflowlactose,initnumbacteroides,inflowinulin,maxstuckchance,inflowglucose
10,921,330,25,330,0,10,1,330,5,70,0,0,0,0,0.28,0.1,0,2,330,480,5,0,0.005,TRUE,0,23562,15,5490,10,50,30
,,,,,,,,,,,,,,,,,,,,,,,,,,,,,,,
"""Populations""",,,,,,,,,,,,,,,,,,,,,,,,,,,,,,,
x min,x max,y min,y max,autoplot?,current pen,legend open?,number of pens,,,,,,,,,,,,,,,,,,,,,,,,
0,571,0,25900,TRUE,"""Closts""",TRUE,4,,,,,,,,,,,,,,,,,,,,,,,,
,,,,,,,,,,,,,,,,,,,,,,,,,,,,,,,
pen name,pen down?,mode,interval,color,x,,,,,,,,,,,,,,,,,,,,,,,,,,
"""Closts""",TRUE,0,1,15,537,,,,,,,,,,,,,,,,,,,,,,,,,,
"""Bifidos""",TRUE,0,1,105,537,,,,,,,,,,,,,,,,,,,,,,,,,,
"""Desulfos""",TRUE,0,1,55,537,,,,,,,,,,,,,,,,,,,,,,,,,,
"""Bacteroides""",TRUE,0,1,5,537,,,,,,,,,,,,,,,,,,,,,,,,,,
,,,,,,,,,,,,,,,,,,,,,,,,,,,,,,,
"""Closts""",,,,"""Bifidos""",,,,"""Desulfos""",,,,"""Bacteroides""",,,,,,,,,,,,,,,,,,,
x,y,color,pen down?,x,y,color,pen down?,x,y,color,pen down?,x,y,color,pen down?,,,,,,,,,,,,,,,,
0,920,15,TRUE,0,23561,105,TRUE,0,69,55,TRUE,0,5489,5,TRUE,,,,,,,,,,,,,,,,
1,922,15,TRUE,1,23632,105,TRUE,1,70,55,TRUE,1,5504,5,TRUE,,,,,,,,,,,,,,,,
2,926,15,TRUE,2,23699,105,TRUE,2,70,55,TRUE,2,5521,5,TRUE,,,,,,,,,,,,,,,,
3,931,15,TRUE,3,23755,105,TRUE,3,71,55,TRUE,3,5535,5,TRUE,,,,,,,,,,,,,,,,
4,933,15,TRUE,4,23803,105,TRUE,4,71,55,TRUE,4,5538,5,TRUE,,,,,,,,,,,,,,,,
5,936,15,TRUE,5,23856,105,TRUE,5,72,55,TRUE,5,5549,5,TRUE,,,,,,,,,,,,,,,,
6,938,15,TRUE,6,23907,105,TRUE,6,71,55,TRUE,6,5561,5,TRUE,,,,,,,,,,,,,,,,
7,943,15,TRUE,7,23967,105,TRUE,7,71,55,TRUE,7,5583,5,TRUE,,,,,,,,,,,,,,,,
8,943,15,TRUE,8,23994,105,TRUE,8,71,55,TRUE,8,5590,5,TRUE,,,,,,,,,,,,,,,,
9,946,15,TRUE,9,24023,105,TRUE,9,71,55,TRUE,9,5594,5,TRUE,,,,,,,,,,,,,,,,
10,949,15,TRUE,10,24048,105,TRUE,10,71,55,TRUE,10,5608,5,TRUE,,,,,,,,,,,,,,,,
11,953,15,TRUE,11,24067,105,TRUE,11,71,55,TRUE,11,5614,5,TRUE,,,,,,,,,,,,,,,,
12,956,15,TRUE,12,24091,105,TRUE,12,71,55,TRUE,12,5625,5,TRUE,,,,,,,,,,,,,,,,
13,961,15,TRUE,13,24119,105,TRUE,13,72,55,TRUE,13,5636,5,TRUE,,,,,,,,,,,,,,,,
14,963,15,TRUE,14,24163,105,TRUE,14,72,55,TRUE,14,5648,5,TRUE,,,,,,,,,,,,,,,,
15,968,15,TRUE,15,24190,105,TRUE,15,72,55,TRUE,15,5664,5,TRUE,,,,,,,,,,,,,,,,
16,968,15,TRUE,16,24220,105,TRUE,16,72,55,TRUE,16,5671,5,TRUE,,,,,,,,,,,,,,,,
17,968,15,TRUE,17,24242,105,TRUE,17,72,55,TRUE,17,5682,5,TRUE,,,,,,,,,,,,,,,,
18,965,15,TRUE,18,24259,105,TRUE,18,72,55,TRUE,18,5682,5,TRUE,,,,,,,,,,,,,,,,
19,969,15,TRUE,19,24272,105,TRUE,19,72,55,TRUE,19,5682,5,TRUE,,,,,,,,,,,,,,,,
20,970,15,TRUE,20,24282,105,TRUE,20,72,55,TRUE,20,5686,5,TRUE,,,,,,,,,,,,,,,,
21,969,15,TRUE,21,24311,105,TRUE,21,72,55,TRUE,21,5695,5,TRUE,,,,,,,,,,,,,,,,
22,970,15,TRUE,22,24347,105,TRUE,22,72,55,TRUE,22,5688,5,TRUE,,,,,,,,,,,,,,,,
23,971,15,TRUE,23,24362,105,TRUE,23,72,55,TRUE,23,5693,5,TRUE,,,,,,,,,,,,,,,,
24,975,15,TRUE,24,24375,105,TRUE,24,72,55,TRUE,24,5695,5,TRUE,,,,,,,,,,,,,,,,
25,976,15,TRUE,25,24383,105,TRUE,25,72,55,TRUE,25,5694,5,TRUE,,,,,,,,,,,,,,,,
26,978,15,TRUE,26,24425,105,TRUE,26,72,55,TRUE,26,5699,5,TRUE,,,,,,,,,,,,,,,,
27,979,15,TRUE,27,24443,105,TRUE,27,71,55,TRUE,27,5700,5,TRUE,,,,,,,,,,,,,,,,
28,982,15,TRUE,28,24454,105,TRUE,28,71,55,TRUE,28,5702,5,TRUE,,,,,,,,,,,,,,,,
29,983,15,TRUE,29,24463,105,TRUE,29,71,55,TRUE,29,5714,5,TRUE,,,,,,,,,,,,,,,,
30,980,15,TRUE,30,24484,105,TRUE,30,72,55,TRUE,30,5732,5,TRUE,,,,,,,,,,,,,,,,
31,980,15,TRUE,31,24502,105,TRUE,31,72,55,TRUE,31,5733,5,TRUE,,,,,,,,,,,,,,,,
32,980,15,TRUE,32,24515,105,TRUE,32,72,55,TRUE,32,5735,5,TRUE,,,,,,,,,,,,,,,,
33,978,15,TRUE,33,24523,105,TRUE,33,72,55,TRUE,33,5737,5,TRUE,,,,,,,,,,,,,,,,
34,978,15,TRUE,34,24553,105,TRUE,34,72,55,TRUE,34,5744,5,TRUE,,,,,,,,,,,,,,,,
35,976,15,TRUE,35,24586,105,TRUE,35,73,55,TRUE,35,5749,5,TRUE,,,,,,,,,,,,,,,,
36,978,15,TRUE,36,24594,105,TRUE,36,73,55,TRUE,36,5747,5,TRUE,,,,,,,,,,,,,,,,
37,980,15,TRUE,37,24620,105,TRUE,37,73,55,TRUE,37,5739,5,TRUE,,,,,,,,,,,,,,,,
38,982,15,TRUE,38,24638,105,TRUE,38,73,55,TRUE,38,5745,5,TRUE,,,,,,,,,,,,,,,,
39,983,15,TRUE,39,24659,105,TRUE,39,74,55,TRUE,39,5748,5,TRUE,,,,,,,,,,,,,,,,
40,984,15,TRUE,40,24686,105,TRUE,40,74,55,TRUE,40,5757,5,TRUE,,,,,,,,,,,,,,,,
41,985,15,TRUE,41,24708,105,TRUE,41,74,55,TRUE,41,5757,5,TRUE,,,,,,,,,,,,,,,,
42,986,15,TRUE,42,24738,105,TRUE,42,74,55,TRUE,42,5763,5,TRUE,,,,,,,,,,,,,,,,
43,984,15,TRUE,43,24756,105,TRUE,43,74,55,TRUE,43,5765,5,TRUE,,,,,,,,,,,,,,,,
44,989,15,TRUE,44,24756,105,TRUE,44,74,55,TRUE,44,5764,5,TRUE,,,,,,,,,,,,,,,,
45,990,15,TRUE,45,24766,105,TRUE,45,74,55,TRUE,45,5767,5,TRUE,,,,,,,,,,,,,,,,
46,995,15,TRUE,46,24765,105,TRUE,46,74,55,TRUE,46,5773,5,TRUE,,,,,,,,,,,,,,,,
47,998,15,TRUE,47,24795,105,TRUE,47,73,55,TRUE,47,5776,5,TRUE,,,,,,,,,,,,,,,,
48,997,15,TRUE,48,24814,105,TRUE,48,73,55,TRUE,48,5790,5,TRUE,,,,,,,,,,,,,,,,
49,994,15,TRUE,49,24830,105,TRUE,49,74,55,TRUE,49,5793,5,TRUE,,,,,,,,,,,,,,,,
50,997,15,TRUE,50,24855,105,TRUE,50,74,55,TRUE,50,5788,5,TRUE,,,,,,,,,,,,,,,,
51,998,15,TRUE,51,24866,105,TRUE,51,76,55,TRUE,51,5786,5,TRUE,,,,,,,,,,,,,,,,
52,995,15,TRUE,52,24871,105,TRUE,52,76,55,TRUE,52,5784,5,TRUE,,,,,,,,,,,,,,,,
53,998,15,TRUE,53,24873,105,TRUE,53,76,55,TRUE,53,5779,5,TRUE,,,,,,,,,,,,,,,,
54,999,15,TRUE,54,24878,105,TRUE,54,76,55,TRUE,54,5791,5,TRUE,,,,,,,,,,,,,,,,
55,997,15,TRUE,55,24896,105,TRUE,55,77,55,TRUE,55,5797,5,TRUE,,,,,,,,,,,,,,,,
56,1000,15,TRUE,56,24929,105,TRUE,56,77,55,TRUE,56,5803,5,TRUE,,,,,,,,,,,,,,,,
57,1002,15,TRUE,57,24941,105,TRUE,57,77,55,TRUE,57,5802,5,TRUE,,,,,,,,,,,,,,,,
58,1001,15,TRUE,58,24953,105,TRUE,58,77,55,TRUE,58,5807,5,TRUE,,,,,,,,,,,,,,,,
59,998,15,TRUE,59,24953,105,TRUE,59,77,55,TRUE,59,5804,5,TRUE,,,,,,,,,,,,,,,,
60,998,15,TRUE,60,24984,105,TRUE,60,77,55,TRUE,60,5810,5,TRUE,,,,,,,,,,,,,,,,
61,998,15,TRUE,61,24992,105,TRUE,61,77,55,TRUE,61,5810,5,TRUE,,,,,,,,,,,,,,,,
62,996,15,TRUE,62,24997,105,TRUE,62,77,55,TRUE,62,5818,5,TRUE,,,,,,,,,,,,,,,,
63,995,15,TRUE,63,24999,105,TRUE,63,77,55,TRUE,63,5820,5,TRUE,,,,,,,,,,,,,,,,
64,996,15,TRUE,64,25001,105,TRUE,64,77,55,TRUE,64,5825,5,TRUE,,,,,,,,,,,,,,,,
65,1000,15,TRUE,65,25016,105,TRUE,65,77,55,TRUE,65,5836,5,TRUE,,,,,,,,,,,,,,,,
66,1002,15,TRUE,66,25037,105,TRUE,66,77,55,TRUE,66,5843,5,TRUE,,,,,,,,,,,,,,,,
67,1000,15,TRUE,67,25056,105,TRUE,67,77,55,TRUE,67,5841,5,TRUE,,,,,,,,,,,,,,,,
68,1000,15,TRUE,68,25071,105,TRUE,68,75,55,TRUE,68,5839,5,TRUE,,,,,,,,,,,,,,,,
69,1003,15,TRUE,69,25090,105,TRUE,69,75,55,TRUE,69,5841,5,TRUE,,,,,,,,,,,,,,,,
70,1004,15,TRUE,70,25116,105,TRUE,70,74,55,TRUE,70,5846,5,TRUE,,,,,,,,,,,,,,,,
71,1002,15,TRUE,71,25123,105,TRUE,71,76,55,TRUE,71,5854,5,TRUE,,,,,,,,,,,,,,,,
72,1004,15,TRUE,72,25125,105,TRUE,72,76,55,TRUE,72,5855,5,TRUE,,,,,,,,,,,,,,,,
73,1003,15,TRUE,73,25139,105,TRUE,73,76,55,TRUE,73,5855,5,TRUE,,,,,,,,,,,,,,,,
74,1006,15,TRUE,74,25153,105,TRUE,74,76,55,TRUE,74,5857,5,TRUE,,,,,,,,,,,,,,,,
75,1006,15,TRUE,75,25167,105,TRUE,75,75,55,TRUE,75,5861,5,TRUE,,,,,,,,,,,,,,,,
76,1006,15,TRUE,76,25172,105,TRUE,76,76,55,TRUE,76,5858,5,TRUE,,,,,,,,,,,,,,,,
77,1004,15,TRUE,77,25169,105,TRUE,77,76,55,TRUE,77,5856,5,TRUE,,,,,,,,,,,,,,,,
78,1003,15,TRUE,78,25163,105,TRUE,78,76,55,TRUE,78,5858,5,TRUE,,,,,,,,,,,,,,,,
79,1005,15,TRUE,79,25162,105,TRUE,79,77,55,TRUE,79,5854,5,TRUE,,,,,,,,,,,,,,,,
80,1009,15,TRUE,80,25151,105,TRUE,80,77,55,TRUE,80,5848,5,TRUE,,,,,,,,,,,,,,,,
81,1010,15,TRUE,81,25154,105,TRUE,81,77,55,TRUE,81,5849,5,TRUE,,,,,,,,,,,,,,,,
82,1008,15,TRUE,82,25154,105,TRUE,82,78,55,TRUE,82,5851,5,TRUE,,,,,,,,,,,,,,,,
83,1006,15,TRUE,83,25151,105,TRUE,83,78,55,TRUE,83,5858,5,TRUE,,,,,,,,,,,,,,,,
84,1003,15,TRUE,84,25148,105,TRUE,84,78,55,TRUE,84,5862,5,TRUE,,,,,,,,,,,,,,,,
85,1001,15,TRUE,85,25145,105,TRUE,85,78,55,TRUE,85,5863,5,TRUE,,,,,,,,,,,,,,,,
86,1004,15,TRUE,86,25132,105,TRUE,86,78,55,TRUE,86,5875,5,TRUE,,,,,,,,,,,,,,,,
87,1003,15,TRUE,87,25127,105,TRUE,87,80,55,TRUE,87,5888,5,TRUE,,,,,,,,,,,,,,,,
88,1005,15,TRUE,88,25134,105,TRUE,88,80,55,TRUE,88,5895,5,TRUE,,,,,,,,,,,,,,,,
89,1007,15,TRUE,89,25125,105,TRUE,89,80,55,TRUE,89,5894,5,TRUE,,,,,,,,,,,,,,,,
90,1007,15,TRUE,90,25144,105,TRUE,90,80,55,TRUE,90,5898,5,TRUE,,,,,,,,,,,,,,,,
91,1008,15,TRUE,91,25142,105,TRUE,91,80,55,TRUE,91,5900,5,TRUE,,,,,,,,,,,,,,,,
92,1010,15,TRUE,92,25142,105,TRUE,92,80,55,TRUE,92,5898,5,TRUE,,,,,,,,,,,,,,,,
93,1011,15,TRUE,93,25126,105,TRUE,93,80,55,TRUE,93,5890,5,TRUE,,,,,,,,,,,,,,,,
94,1010,15,TRUE,94,25127,105,TRUE,94,79,55,TRUE,94,5893,5,TRUE,,,,,,,,,,,,,,,,
95,1010,15,TRUE,95,25131,105,TRUE,95,79,55,TRUE,95,5889,5,TRUE,,,,,,,,,,,,,,,,
96,1007,15,TRUE,96,25101,105,TRUE,96,79,55,TRUE,96,5892,5,TRUE,,,,,,,,,,,,,,,,
97,1009,15,TRUE,97,25085,105,TRUE,97,79,55,TRUE,97,5890,5,TRUE,,,,,,,,,,,,,,,,
98,1004,15,TRUE,98,25075,105,TRUE,98,79,55,TRUE,98,5887,5,TRUE,,,,,,,,,,,,,,,,
99,1006,15,TRUE,99,25069,105,TRUE,99,81,55,TRUE,99,5890,5,TRUE,,,,,,,,,,,,,,,,
100,1005,15,TRUE,100,25064,105,TRUE,100,81,55,TRUE,100,5882,5,TRUE,,,,,,,,,,,,,,,,
101,1006,15,TRUE,101,25061,105,TRUE,101,81,55,TRUE,101,5877,5,TRUE,,,,,,,,,,,,,,,,
102,1003,15,TRUE,102,25055,105,TRUE,102,81,55,TRUE,102,5872,5,TRUE,,,,,,,,,,,,,,,,
103,1008,15,TRUE,103,25046,105,TRUE,103,81,55,TRUE,103,5865,5,TRUE,,,,,,,,,,,,,,,,
104,1003,15,TRUE,104,25045,105,TRUE,104,81,55,TRUE,104,5868,5,TRUE,,,,,,,,,,,,,,,,
105,998,15,TRUE,105,25056,105,TRUE,105,80,55,TRUE,105,5861,5,TRUE,,,,,,,,,,,,,,,,
106,998,15,TRUE,106,25050,105,TRUE,106,80,55,TRUE,106,5860,5,TRUE,,,,,,,,,,,,,,,,
107,998,15,TRUE,107,25053,105,TRUE,107,80,55,TRUE,107,5858,5,TRUE,,,,,,,,,,,,,,,,
108,997,15,TRUE,108,25045,105,TRUE,108,79,55,TRUE,108,5862,5,TRUE,,,,,,,,,,,,,,,,
109,1000,15,TRUE,109,25025,105,TRUE,109,79,55,TRUE,109,5858,5,TRUE,,,,,,,,,,,,,,,,
110,999,15,TRUE,110,25012,105,TRUE,110,79,55,TRUE,110,5852,5,TRUE,,,,,,,,,,,,,,,,
111,999,15,TRUE,111,25001,105,TRUE,111,80,55,TRUE,111,5852,5,TRUE,,,,,,,,,,,,,,,,
112,997,15,TRUE,112,24989,105,TRUE,112,80,55,TRUE,112,5853,5,TRUE,,,,,,,,,,,,,,,,
113,998,15,TRUE,113,24995,105,TRUE,113,80,55,TRUE,113,5845,5,TRUE,,,,,,,,,,,,,,,,
114,999,15,TRUE,114,24982,105,TRUE,114,80,55,TRUE,114,5847,5,TRUE,,,,,,,,,,,,,,,,
115,1000,15,TRUE,115,24957,105,TRUE,115,80,55,TRUE,115,5844,5,TRUE,,,,,,,,,,,,,,,,
116,1004,15,TRUE,116,24931,105,TRUE,116,81,55,TRUE,116,5844,5,TRUE,,,,,,,,,,,,,,,,
117,1003,15,TRUE,117,24924,105,TRUE,117,80,55,TRUE,117,5829,5,TRUE,,,,,,,,,,,,,,,,
118,1005,15,TRUE,118,24905,105,TRUE,118,80,55,TRUE,118,5822,5,TRUE,,,,,,,,,,,,,,,,
119,1000,15,TRUE,119,24886,105,TRUE,119,80,55,TRUE,119,5827,5,TRUE,,,,,,,,,,,,,,,,
120,1003,15,TRUE,120,24876,105,TRUE,120,79,55,TRUE,120,5820,5,TRUE,,,,,,,,,,,,,,,,
121,999,15,TRUE,121,24851,105,TRUE,121,79,55,TRUE,121,5823,5,TRUE,,,,,,,,,,,,,,,,
122,1001,15,TRUE,122,24839,105,TRUE,122,79,55,TRUE,122,5817,5,TRUE,,,,,,,,,,,,,,,,
123,1000,15,TRUE,123,24823,105,TRUE,123,79,55,TRUE,123,5809,5,TRUE,,,,,,,,,,,,,,,,
124,998,15,TRUE,124,24806,105,TRUE,124,79,55,TRUE,124,5816,5,TRUE,,,,,,,,,,,,,,,,
125,999,15,TRUE,125,24807,105,TRUE,125,78,55,TRUE,125,5815,5,TRUE,,,,,,,,,,,,,,,,
126,999,15,TRUE,126,24793,105,TRUE,126,78,55,TRUE,126,5810,5,TRUE,,,,,,,,,,,,,,,,
127,1003,15,TRUE,127,24768,105,TRUE,127,77,55,TRUE,127,5810,5,TRUE,,,,,,,,,,,,,,,,
128,1003,15,TRUE,128,24772,105,TRUE,128,77,55,TRUE,128,5808,5,TRUE,,,,,,,,,,,,,,,,
129,1001,15,TRUE,129,24746,105,TRUE,129,77,55,TRUE,129,5789,5,TRUE,,,,,,,,,,,,,,,,
130,1001,15,TRUE,130,24723,105,TRUE,130,78,55,TRUE,130,5785,5,TRUE,,,,,,,,,,,,,,,,
131,1002,15,TRUE,131,24730,105,TRUE,131,78,55,TRUE,131,5780,5,TRUE,,,,,,,,,,,,,,,,
132,1004,15,TRUE,132,24717,105,TRUE,132,77,55,TRUE,132,5774,5,TRUE,,,,,,,,,,,,,,,,
133,1003,15,TRUE,133,24723,105,TRUE,133,76,55,TRUE,133,5765,5,TRUE,,,,,,,,,,,,,,,,
134,1003,15,TRUE,134,24712,105,TRUE,134,76,55,TRUE,134,5770,5,TRUE,,,,,,,,,,,,,,,,
135,1003,15,TRUE,135,24665,105,TRUE,135,76,55,TRUE,135,5771,5,TRUE,,,,,,,,,,,,,,,,
136,1005,15,TRUE,136,24640,105,TRUE,136,76,55,TRUE,136,5765,5,TRUE,,,,,,,,,,,,,,,,
137,1006,15,TRUE,137,24621,105,TRUE,137,75,55,TRUE,137,5756,5,TRUE,,,,,,,,,,,,,,,,
138,1004,15,TRUE,138,24612,105,TRUE,138,75,55,TRUE,138,5750,5,TRUE,,,,,,,,,,,,,,,,
139,1008,15,TRUE,139,24582,105,TRUE,139,75,55,TRUE,139,5751,5,TRUE,,,,,,,,,,,,,,,,
140,1005,15,TRUE,140,24556,105,TRUE,140,75,55,TRUE,140,5731,5,TRUE,,,,,,,,,,,,,,,,
141,1007,15,TRUE,141,24532,105,TRUE,141,74,55,TRUE,141,5730,5,TRUE,,,,,,,,,,,,,,,,
142,1008,15,TRUE,142,24515,105,TRUE,142,73,55,TRUE,142,5729,5,TRUE,,,,,,,,,,,,,,,,
143,1002,15,TRUE,143,24486,105,TRUE,143,73,55,TRUE,143,5725,5,TRUE,,,,,,,,,,,,,,,,
144,998,15,TRUE,144,24481,105,TRUE,144,73,55,TRUE,144,5717,5,TRUE,,,,,,,,,,,,,,,,
145,1000,15,TRUE,145,24458,105,TRUE,145,73,55,TRUE,145,5709,5,TRUE,,,,,,,,,,,,,,,,
146,1003,15,TRUE,146,24445,105,TRUE,146,73,55,TRUE,146,5705,5,TRUE,,,,,,,,,,,,,,,,
147,1007,15,TRUE,147,24447,105,TRUE,147,73,55,TRUE,147,5703,5,TRUE,,,,,,,,,,,,,,,,
148,1011,15,TRUE,148,24420,105,TRUE,148,73,55,TRUE,148,5689,5,TRUE,,,,,,,,,,,,,,,,
149,1007,15,TRUE,149,24400,105,TRUE,149,73,55,TRUE,149,5675,5,TRUE,,,,,,,,,,,,,,,,
150,1000,15,TRUE,150,24399,105,TRUE,150,73,55,TRUE,150,5677,5,TRUE,,,,,,,,,,,,,,,,
151,1002,15,TRUE,151,24385,105,TRUE,151,74,55,TRUE,151,5679,5,TRUE,,,,,,,,,,,,,,,,
152,1000,15,TRUE,152,24348,105,TRUE,152,74,55,TRUE,152,5678,5,TRUE,,,,,,,,,,,,,,,,
153,1001,15,TRUE,153,24320,105,TRUE,153,74,55,TRUE,153,5671,5,TRUE,,,,,,,,,,,,,,,,
154,1002,15,TRUE,154,24295,105,TRUE,154,73,55,TRUE,154,5658,5,TRUE,,,,,,,,,,,,,,,,
155,1002,15,TRUE,155,24282,105,TRUE,155,73,55,TRUE,155,5644,5,TRUE,,,,,,,,,,,,,,,,
156,1001,15,TRUE,156,24264,105,TRUE,156,73,55,TRUE,156,5637,5,TRUE,,,,,,,,,,,,,,,,
157,1000,15,TRUE,157,24249,105,TRUE,157,73,55,TRUE,157,5623,5,TRUE,,,,,,,,,,,,,,,,
158,1003,15,TRUE,158,24222,105,TRUE,158,73,55,TRUE,158,5618,5,TRUE,,,,,,,,,,,,,,,,
159,1000,15,TRUE,159,24187,105,TRUE,159,73,55,TRUE,159,5626,5,TRUE,,,,,,,,,,,,,,,,
160,997,15,TRUE,160,24170,105,TRUE,160,73,55,TRUE,160,5620,5,TRUE,,,,,,,,,,,,,,,,
161,992,15,TRUE,161,24136,105,TRUE,161,73,55,TRUE,161,5608,5,TRUE,,,,,,,,,,,,,,,,
162,994,15,TRUE,162,24105,105,TRUE,162,73,55,TRUE,162,5602,5,TRUE,,,,,,,,,,,,,,,,
163,997,15,TRUE,163,24087,105,TRUE,163,73,55,TRUE,163,5597,5,TRUE,,,,,,,,,,,,,,,,
164,990,15,TRUE,164,24069,105,TRUE,164,73,55,TRUE,164,5598,5,TRUE,,,,,,,,,,,,,,,,
165,991,15,TRUE,165,24054,105,TRUE,165,73,55,TRUE,165,5591,5,TRUE,,,,,,,,,,,,,,,,
166,988,15,TRUE,166,24026,105,TRUE,166,73,55,TRUE,166,5596,5,TRUE,,,,,,,,,,,,,,,,
167,981,15,TRUE,167,24009,105,TRUE,167,72,55,TRUE,167,5594,5,TRUE,,,,,,,,,,,,,,,,
168,980,15,TRUE,168,23968,105,TRUE,168,72,55,TRUE,168,5591,5,TRUE,,,,,,,,,,,,,,,,
169,979,15,TRUE,169,23934,105,TRUE,169,73,55,TRUE,169,5589,5,TRUE,,,,,,,,,,,,,,,,
170,980,15,TRUE,170,23911,105,TRUE,170,73,55,TRUE,170,5584,5,TRUE,,,,,,,,,,,,,,,,
171,979,15,TRUE,171,23860,105,TRUE,171,73,55,TRUE,171,5570,5,TRUE,,,,,,,,,,,,,,,,
172,975,15,TRUE,172,23831,105,TRUE,172,71,55,TRUE,172,5552,5,TRUE,,,,,,,,,,,,,,,,
173,970,15,TRUE,173,23785,105,TRUE,173,71,55,TRUE,173,5547,5,TRUE,,,,,,,,,,,,,,,,
174,964,15,TRUE,174,23750,105,TRUE,174,71,55,TRUE,174,5546,5,TRUE,,,,,,,,,,,,,,,,
175,967,15,TRUE,175,23719,105,TRUE,175,71,55,TRUE,175,5537,5,TRUE,,,,,,,,,,,,,,,,
176,963,15,TRUE,176,23697,105,TRUE,176,71,55,TRUE,176,5528,5,TRUE,,,,,,,,,,,,,,,,
177,960,15,TRUE,177,23653,105,TRUE,177,72,55,TRUE,177,5517,5,TRUE,,,,,,,,,,,,,,,,
178,962,15,TRUE,178,23618,105,TRUE,178,72,55,TRUE,178,5516,5,TRUE,,,,,,,,,,,,,,,,
179,958,15,TRUE,179,23587,105,TRUE,179,72,55,TRUE,179,5508,5,TRUE,,,,,,,,,,,,,,,,
180,957,15,TRUE,180,23553,105,TRUE,180,72,55,TRUE,180,5508,5,TRUE,,,,,,,,,,,,,,,,
181,956,15,TRUE,181,23542,105,TRUE,181,70,55,TRUE,181,5499,5,TRUE,,,,,,,,,,,,,,,,
182,960,15,TRUE,182,23517,105,TRUE,182,70,55,TRUE,182,5478,5,TRUE,,,,,,,,,,,,,,,,
183,961,15,TRUE,183,23489,105,TRUE,183,70,55,TRUE,183,5477,5,TRUE,,,,,,,,,,,,,,,,
184,961,15,TRUE,184,23445,105,TRUE,184,69,55,TRUE,184,5469,5,TRUE,,,,,,,,,,,,,,,,
185,960,15,TRUE,185,23410,105,TRUE,185,69,55,TRUE,185,5472,5,TRUE,,,,,,,,,,,,,,,,
186,957,15,TRUE,186,23363,105,TRUE,186,69,55,TRUE,186,5455,5,TRUE,,,,,,,,,,,,,,,,
187,955,15,TRUE,187,23345,105,TRUE,187,69,55,TRUE,187,5442,5,TRUE,,,,,,,,,,,,,,,,
188,949,15,TRUE,188,23301,105,TRUE,188,71,55,TRUE,188,5426,5,TRUE,,,,,,,,,,,,,,,,
189,949,15,TRUE,189,23265,105,TRUE,189,71,55,TRUE,189,5419,5,TRUE,,,,,,,,,,,,,,,,
190,947,15,TRUE,190,23251,105,TRUE,190,71,55,TRUE,190,5412,5,TRUE,,,,,,,,,,,,,,,,
191,943,15,TRUE,191,23202,105,TRUE,191,71,55,TRUE,191,5411,5,TRUE,,,,,,,,,,,,,,,,
192,939,15,TRUE,192,23160,105,TRUE,192,71,55,TRUE,192,5409,5,TRUE,,,,,,,,,,,,,,,,
193,938,15,TRUE,193,23121,105,TRUE,193,72,55,TRUE,193,5407,5,TRUE,,,,,,,,,,,,,,,,
194,937,15,TRUE,194,23074,105,TRUE,194,72,55,TRUE,194,5397,5,TRUE,,,,,,,,,,,,,,,,
195,934,15,TRUE,195,23044,105,TRUE,195,72,55,TRUE,195,5396,5,TRUE,,,,,,,,,,,,,,,,
196,933,15,TRUE,196,23004,105,TRUE,196,72,55,TRUE,196,5374,5,TRUE,,,,,,,,,,,,,,,,
197,931,15,TRUE,197,22967,105,TRUE,197,72,55,TRUE,197,5368,5,TRUE,,,,,,,,,,,,,,,,
198,928,15,TRUE,198,22920,105,TRUE,198,72,55,TRUE,198,5347,5,TRUE,,,,,,,,,,,,,,,,
199,925,15,TRUE,199,22886,105,TRUE,199,72,55,TRUE,199,5339,5,TRUE,,,,,,,,,,,,,,,,
200,922,15,TRUE,200,22848,105,TRUE,200,72,55,TRUE,200,5334,5,TRUE,,,,,,,,,,,,,,,,
201,916,15,TRUE,201,22810,105,TRUE,201,72,55,TRUE,201,5323,5,TRUE,,,,,,,,,,,,,,,,
202,914,15,TRUE,202,22811,105,TRUE,202,72,55,TRUE,202,5317,5,TRUE,,,,,,,,,,,,,,,,
203,910,15,TRUE,203,22779,105,TRUE,203,72,55,TRUE,203,5305,5,TRUE,,,,,,,,,,,,,,,,
204,904,15,TRUE,204,22738,105,TRUE,204,72,55,TRUE,204,5298,5,TRUE,,,,,,,,,,,,,,,,
205,901,15,TRUE,205,22668,105,TRUE,205,70,55,TRUE,205,5288,5,TRUE,,,,,,,,,,,,,,,,
206,900,15,TRUE,206,22631,105,TRUE,206,70,55,TRUE,206,5281,5,TRUE,,,,,,,,,,,,,,,,
207,896,15,TRUE,207,22579,105,TRUE,207,71,55,TRUE,207,5269,5,TRUE,,,,,,,,,,,,,,,,
208,898,15,TRUE,208,22502,105,TRUE,208,71,55,TRUE,208,5274,5,TRUE,,,,,,,,,,,,,,,,
209,901,15,TRUE,209,22451,105,TRUE,209,71,55,TRUE,209,5266,5,TRUE,,,,,,,,,,,,,,,,
210,903,15,TRUE,210,22410,105,TRUE,210,69,55,TRUE,210,5259,5,TRUE,,,,,,,,,,,,,,,,
211,899,15,TRUE,211,22404,105,TRUE,211,69,55,TRUE,211,5248,5,TRUE,,,,,,,,,,,,,,,,
212,896,15,TRUE,212,22374,105,TRUE,212,69,55,TRUE,212,5224,5,TRUE,,,,,,,,,,,,,,,,
213,890,15,TRUE,213,22346,105,TRUE,213,69,55,TRUE,213,5214,5,TRUE,,,,,,,,,,,,,,,,
214,889,15,TRUE,214,22267,105,TRUE,214,71,55,TRUE,214,5199,5,TRUE,,,,,,,,,,,,,,,,
215,888,15,TRUE,215,22213,105,TRUE,215,71,55,TRUE,215,5194,5,TRUE,,,,,,,,,,,,,,,,
216,886,15,TRUE,216,22189,105,TRUE,216,71,55,TRUE,216,5186,5,TRUE,,,,,,,,,,,,,,,,
217,880,15,TRUE,217,22149,105,TRUE,217,72,55,TRUE,217,5168,5,TRUE,,,,,,,,,,,,,,,,
218,880,15,TRUE,218,22118,105,TRUE,218,73,55,TRUE,218,5158,5,TRUE,,,,,,,,,,,,,,,,
219,880,15,TRUE,219,22067,105,TRUE,219,73,55,TRUE,219,5150,5,TRUE,,,,,,,,,,,,,,,,
220,877,15,TRUE,220,22026,105,TRUE,220,73,55,TRUE,220,5143,5,TRUE,,,,,,,,,,,,,,,,
221,875,15,TRUE,221,21979,105,TRUE,221,71,55,TRUE,221,5121,5,TRUE,,,,,,,,,,,,,,,,
222,876,15,TRUE,222,21957,105,TRUE,222,69,55,TRUE,222,5104,5,TRUE,,,,,,,,,,,,,,,,
223,872,15,TRUE,223,21913,105,TRUE,223,69,55,TRUE,223,5103,5,TRUE,,,,,,,,,,,,,,,,
224,873,15,TRUE,224,21863,105,TRUE,224,67,55,TRUE,224,5093,5,TRUE,,,,,,,,,,,,,,,,
225,870,15,TRUE,225,21817,105,TRUE,225,67,55,TRUE,225,5075,5,TRUE,,,,,,,,,,,,,,,,
226,868,15,TRUE,226,21788,105,TRUE,226,67,55,TRUE,226,5072,5,TRUE,,,,,,,,,,,,,,,,
227,867,15,TRUE,227,21758,105,TRUE,227,65,55,TRUE,227,5061,5,TRUE,,,,,,,,,,,,,,,,
228,865,15,TRUE,228,21726,105,TRUE,228,65,55,TRUE,228,5057,5,TRUE,,,,,,,,,,,,,,,,
229,861,15,TRUE,229,21686,105,TRUE,229,65,55,TRUE,229,5040,5,TRUE,,,,,,,,,,,,,,,,
230,859,15,TRUE,230,21638,105,TRUE,230,65,55,TRUE,230,5028,5,TRUE,,,,,,,,,,,,,,,,
231,858,15,TRUE,231,21586,105,TRUE,231,65,55,TRUE,231,5017,5,TRUE,,,,,,,,,,,,,,,,
232,857,15,TRUE,232,21521,105,TRUE,232,65,55,TRUE,232,5012,5,TRUE,,,,,,,,,,,,,,,,
233,855,15,TRUE,233,21468,105,TRUE,233,65,55,TRUE,233,5004,5,TRUE,,,,,,,,,,,,,,,,
234,853,15,TRUE,234,21413,105,TRUE,234,65,55,TRUE,234,4990,5,TRUE,,,,,,,,,,,,,,,,
235,855,15,TRUE,235,21346,105,TRUE,235,65,55,TRUE,235,4977,5,TRUE,,,,,,,,,,,,,,,,
236,853,15,TRUE,236,21293,105,TRUE,236,66,55,TRUE,236,4976,5,TRUE,,,,,,,,,,,,,,,,
237,849,15,TRUE,237,21264,105,TRUE,237,66,55,TRUE,237,4974,5,TRUE,,,,,,,,,,,,,,,,
238,848,15,TRUE,238,21204,105,TRUE,238,66,55,TRUE,238,4965,5,TRUE,,,,,,,,,,,,,,,,
239,848,15,TRUE,239,21168,105,TRUE,239,64,55,TRUE,239,4952,5,TRUE,,,,,,,,,,,,,,,,
240,843,15,TRUE,240,21116,105,TRUE,240,64,55,TRUE,240,4932,5,TRUE,,,,,,,,,,,,,,,,
241,841,15,TRUE,241,21052,105,TRUE,241,64,55,TRUE,241,4924,5,TRUE,,,,,,,,,,,,,,,,
242,840,15,TRUE,242,20996,105,TRUE,242,64,55,TRUE,242,4916,5,TRUE,,,,,,,,,,,,,,,,
243,838,15,TRUE,243,20946,105,TRUE,243,64,55,TRUE,243,4902,5,TRUE,,,,,,,,,,,,,,,,
244,836,15,TRUE,244,20897,105,TRUE,244,65,55,TRUE,244,4891,5,TRUE,,,,,,,,,,,,,,,,
245,834,15,TRUE,245,20825,105,TRUE,245,63,55,TRUE,245,4891,5,TRUE,,,,,,,,,,,,,,,,
246,832,15,TRUE,246,20762,105,TRUE,246,61,55,TRUE,246,4877,5,TRUE,,,,,,,,,,,,,,,,
247,829,15,TRUE,247,20677,105,TRUE,247,57,55,TRUE,247,4866,5,TRUE,,,,,,,,,,,,,,,,
248,826,15,TRUE,248,20643,105,TRUE,248,57,55,TRUE,248,4849,5,TRUE,,,,,,,,,,,,,,,,
249,823,15,TRUE,249,20597,105,TRUE,249,57,55,TRUE,249,4824,5,TRUE,,,,,,,,,,,,,,,,
250,821,15,TRUE,250,20535,105,TRUE,250,57,55,TRUE,250,4818,5,TRUE,,,,,,,,,,,,,,,,
251,814,15,TRUE,251,20489,105,TRUE,251,55,55,TRUE,251,4802,5,TRUE,,,,,,,,,,,,,,,,
252,809,15,TRUE,252,20434,105,TRUE,252,55,55,TRUE,252,4785,5,TRUE,,,,,,,,,,,,,,,,
253,807,15,TRUE,253,20384,105,TRUE,253,55,55,TRUE,253,4764,5,TRUE,,,,,,,,,,,,,,,,
254,807,15,TRUE,254,20364,105,TRUE,254,55,55,TRUE,254,4752,5,TRUE,,,,,,,,,,,,,,,,
255,809,15,TRUE,255,20319,105,TRUE,255,55,55,TRUE,255,4754,5,TRUE,,,,,,,,,,,,,,,,
256,809,15,TRUE,256,20275,105,TRUE,256,55,55,TRUE,256,4738,5,TRUE,,,,,,,,,,,,,,,,
257,811,15,TRUE,257,20222,105,TRUE,257,55,55,TRUE,257,4726,5,TRUE,,,,,,,,,,,,,,,,
258,812,15,TRUE,258,20167,105,TRUE,258,55,55,TRUE,258,4722,5,TRUE,,,,,,,,,,,,,,,,
259,807,15,TRUE,259,20122,105,TRUE,259,54,55,TRUE,259,4713,5,TRUE,,,,,,,,,,,,,,,,
260,805,15,TRUE,260,20047,105,TRUE,260,54,55,TRUE,260,4705,5,TRUE,,,,,,,,,,,,,,,,
261,801,15,TRUE,261,19982,105,TRUE,261,54,55,TRUE,261,4695,5,TRUE,,,,,,,,,,,,,,,,
262,798,15,TRUE,262,19921,105,TRUE,262,54,55,TRUE,262,4686,5,TRUE,,,,,,,,,,,,,,,,
263,800,15,TRUE,263,19844,105,TRUE,263,54,55,TRUE,263,4677,5,TRUE,,,,,,,,,,,,,,,,
264,796,15,TRUE,264,19785,105,TRUE,264,52,55,TRUE,264,4662,5,TRUE,,,,,,,,,,,,,,,,
265,794,15,TRUE,265,19742,105,TRUE,265,52,55,TRUE,265,4634,5,TRUE,,,,,,,,,,,,,,,,
266,793,15,TRUE,266,19682,105,TRUE,266,52,55,TRUE,266,4609,5,TRUE,,,,,,,,,,,,,,,,
267,792,15,TRUE,267,19634,105,TRUE,267,50,55,TRUE,267,4597,5,TRUE,,,,,,,,,,,,,,,,
268,788,15,TRUE,268,19571,105,TRUE,268,50,55,TRUE,268,4580,5,TRUE,,,,,,,,,,,,,,,,
269,792,15,TRUE,269,19548,105,TRUE,269,50,55,TRUE,269,4563,5,TRUE,,,,,,,,,,,,,,,,
270,786,15,TRUE,270,19464,105,TRUE,270,50,55,TRUE,270,4544,5,TRUE,,,,,,,,,,,,,,,,
271,784,15,TRUE,271,19416,105,TRUE,271,50,55,TRUE,271,4524,5,TRUE,,,,,,,,,,,,,,,,
272,780,15,TRUE,272,19365,105,TRUE,272,51,55,TRUE,272,4507,5,TRUE,,,,,,,,,,,,,,,,
273,781,15,TRUE,273,19320,105,TRUE,273,51,55,TRUE,273,4496,5,TRUE,,,,,,,,,,,,,,,,
274,781,15,TRUE,274,19251,105,TRUE,274,52,55,TRUE,274,4493,5,TRUE,,,,,,,,,,,,,,,,
275,782,15,TRUE,275,19175,105,TRUE,275,53,55,TRUE,275,4486,5,TRUE,,,,,,,,,,,,,,,,
276,781,15,TRUE,276,19089,105,TRUE,276,53,55,TRUE,276,4474,5,TRUE,,,,,,,,,,,,,,,,
277,781,15,TRUE,277,19018,105,TRUE,277,53,55,TRUE,277,4466,5,TRUE,,,,,,,,,,,,,,,,
278,778,15,TRUE,278,18950,105,TRUE,278,53,55,TRUE,278,4441,5,TRUE,,,,,,,,,,,,,,,,
279,776,15,TRUE,279,18891,105,TRUE,279,53,55,TRUE,279,4441,5,TRUE,,,,,,,,,,,,,,,,
280,769,15,TRUE,280,18811,105,TRUE,280,53,55,TRUE,280,4410,5,TRUE,,,,,,,,,,,,,,,,
281,769,15,TRUE,281,18747,105,TRUE,281,53,55,TRUE,281,4400,5,TRUE,,,,,,,,,,,,,,,,
282,770,15,TRUE,282,18671,105,TRUE,282,49,55,TRUE,282,4392,5,TRUE,,,,,,,,,,,,,,,,
283,769,15,TRUE,283,18581,105,TRUE,283,49,55,TRUE,283,4380,5,TRUE,,,,,,,,,,,,,,,,
284,766,15,TRUE,284,18511,105,TRUE,284,49,55,TRUE,284,4358,5,TRUE,,,,,,,,,,,,,,,,
285,764,15,TRUE,285,18446,105,TRUE,285,48,55,TRUE,285,4341,5,TRUE,,,,,,,,,,,,,,,,
286,759,15,TRUE,286,18376,105,TRUE,286,48,55,TRUE,286,4317,5,TRUE,,,,,,,,,,,,,,,,
287,754,15,TRUE,287,18320,105,TRUE,287,47,55,TRUE,287,4310,5,TRUE,,,,,,,,,,,,,,,,
288,748,15,TRUE,288,18237,105,TRUE,288,47,55,TRUE,288,4299,5,TRUE,,,,,,,,,,,,,,,,
289,747,15,TRUE,289,18165,105,TRUE,289,47,55,TRUE,289,4268,5,TRUE,,,,,,,,,,,,,,,,
290,745,15,TRUE,290,18080,105,TRUE,290,47,55,TRUE,290,4267,5,TRUE,,,,,,,,,,,,,,,,
291,743,15,TRUE,291,18011,105,TRUE,291,47,55,TRUE,291,4253,5,TRUE,,,,,,,,,,,,,,,,
292,739,15,TRUE,292,17953,105,TRUE,292,48,55,TRUE,292,4237,5,TRUE,,,,,,,,,,,,,,,,
293,736,15,TRUE,293,17878,105,TRUE,293,48,55,TRUE,293,4214,5,TRUE,,,,,,,,,,,,,,,,
294,732,15,TRUE,294,17831,105,TRUE,294,48,55,TRUE,294,4198,5,TRUE,,,,,,,,,,,,,,,,
295,727,15,TRUE,295,17779,105,TRUE,295,48,55,TRUE,295,4179,5,TRUE,,,,,,,,,,,,,,,,
296,725,15,TRUE,296,17688,105,TRUE,296,48,55,TRUE,296,4161,5,TRUE,,,,,,,,,,,,,,,,
297,725,15,TRUE,297,17628,105,TRUE,297,48,55,TRUE,297,4141,5,TRUE,,,,,,,,,,,,,,,,
298,722,15,TRUE,298,17555,105,TRUE,298,48,55,TRUE,298,4126,5,TRUE,,,,,,,,,,,,,,,,
299,712,15,TRUE,299,17507,105,TRUE,299,48,55,TRUE,299,4117,5,TRUE,,,,,,,,,,,,,,,,
300,710,15,TRUE,300,17428,105,TRUE,300,48,55,TRUE,300,4106,5,TRUE,,,,,,,,,,,,,,,,
301,708,15,TRUE,301,17380,105,TRUE,301,48,55,TRUE,301,4087,5,TRUE,,,,,,,,,,,,,,,,
302,709,15,TRUE,302,17318,105,TRUE,302,48,55,TRUE,302,4073,5,TRUE,,,,,,,,,,,,,,,,
303,709,15,TRUE,303,17275,105,TRUE,303,48,55,TRUE,303,4063,5,TRUE,,,,,,,,,,,,,,,,
304,708,15,TRUE,304,17209,105,TRUE,304,48,55,TRUE,304,4048,5,TRUE,,,,,,,,,,,,,,,,
305,706,15,TRUE,305,17150,105,TRUE,305,48,55,TRUE,305,4029,5,TRUE,,,,,,,,,,,,,,,,
306,703,15,TRUE,306,17079,105,TRUE,306,48,55,TRUE,306,4018,5,TRUE,,,,,,,,,,,,,,,,
307,701,15,TRUE,307,17002,105,TRUE,307,48,55,TRUE,307,3999,5,TRUE,,,,,,,,,,,,,,,,
308,700,15,TRUE,308,16923,105,TRUE,308,48,55,TRUE,308,3984,5,TRUE,,,,,,,,,,,,,,,,
309,690,15,TRUE,309,16860,105,TRUE,309,48,55,TRUE,309,3970,5,TRUE,,,,,,,,,,,,,,,,
310,681,15,TRUE,310,16803,105,TRUE,310,49,55,TRUE,310,3942,5,TRUE,,,,,,,,,,,,,,,,
311,677,15,TRUE,311,16753,105,TRUE,311,49,55,TRUE,311,3937,5,TRUE,,,,,,,,,,,,,,,,
312,666,15,TRUE,312,16677,105,TRUE,312,47,55,TRUE,312,3924,5,TRUE,,,,,,,,,,,,,,,,
313,664,15,TRUE,313,16619,105,TRUE,313,47,55,TRUE,313,3908,5,TRUE,,,,,,,,,,,,,,,,
314,662,15,TRUE,314,16557,105,TRUE,314,47,55,TRUE,314,3891,5,TRUE,,,,,,,,,,,,,,,,
315,656,15,TRUE,315,16471,105,TRUE,315,47,55,TRUE,315,3879,5,TRUE,,,,,,,,,,,,,,,,
316,653,15,TRUE,316,16397,105,TRUE,316,47,55,TRUE,316,3854,5,TRUE,,,,,,,,,,,,,,,,
317,644,15,TRUE,317,16335,105,TRUE,317,47,55,TRUE,317,3834,5,TRUE,,,,,,,,,,,,,,,,
318,643,15,TRUE,318,16248,105,TRUE,318,47,55,TRUE,318,3820,5,TRUE,,,,,,,,,,,,,,,,
319,640,15,TRUE,319,16177,105,TRUE,319,47,55,TRUE,319,3802,5,TRUE,,,,,,,,,,,,,,,,
320,641,15,TRUE,320,16098,105,TRUE,320,47,55,TRUE,320,3784,5,TRUE,,,,,,,,,,,,,,,,
321,637,15,TRUE,321,16042,105,TRUE,321,47,55,TRUE,321,3772,5,TRUE,,,,,,,,,,,,,,,,
322,634,15,TRUE,322,15977,105,TRUE,322,48,55,TRUE,322,3747,5,TRUE,,,,,,,,,,,,,,,,
323,633,15,TRUE,323,15883,105,TRUE,323,47,55,TRUE,323,3728,5,TRUE,,,,,,,,,,,,,,,,
324,627,15,TRUE,324,15805,105,TRUE,324,47,55,TRUE,324,3712,5,TRUE,,,,,,,,,,,,,,,,
325,625,15,TRUE,325,15730,105,TRUE,325,47,55,TRUE,325,3686,5,TRUE,,,,,,,,,,,,,,,,
326,618,15,TRUE,326,15667,105,TRUE,326,47,55,TRUE,326,3670,5,TRUE,,,,,,,,,,,,,,,,
327,615,15,TRUE,327,15603,105,TRUE,327,47,55,TRUE,327,3642,5,TRUE,,,,,,,,,,,,,,,,
328,613,15,TRUE,328,15539,105,TRUE,328,47,55,TRUE,328,3616,5,TRUE,,,,,,,,,,,,,,,,
329,611,15,TRUE,329,15470,105,TRUE,329,47,55,TRUE,329,3598,5,TRUE,,,,,,,,,,,,,,,,
330,607,15,TRUE,330,15404,105,TRUE,330,47,55,TRUE,330,3594,5,TRUE,,,,,,,,,,,,,,,,
331,601,15,TRUE,331,15323,105,TRUE,331,45,55,TRUE,331,3570,5,TRUE,,,,,,,,,,,,,,,,
332,602,15,TRUE,332,15233,105,TRUE,332,45,55,TRUE,332,3546,5,TRUE,,,,,,,,,,,,,,,,
333,598,15,TRUE,333,15144,105,TRUE,333,45,55,TRUE,333,3521,5,TRUE,,,,,,,,,,,,,,,,
334,599,15,TRUE,334,15082,105,TRUE,334,45,55,TRUE,334,3487,5,TRUE,,,,,,,,,,,,,,,,
335,598,15,TRUE,335,14984,105,TRUE,335,45,55,TRUE,335,3474,5,TRUE,,,,,,,,,,,,,,,,
336,592,15,TRUE,336,14897,105,TRUE,336,45,55,TRUE,336,3458,5,TRUE,,,,,,,,,,,,,,,,
337,591,15,TRUE,337,14785,105,TRUE,337,45,55,TRUE,337,3441,5,TRUE,,,,,,,,,,,,,,,,
338,587,15,TRUE,338,14709,105,TRUE,338,45,55,TRUE,338,3423,5,TRUE,,,,,,,,,,,,,,,,
339,582,15,TRUE,339,14596,105,TRUE,339,45,55,TRUE,339,3398,5,TRUE,,,,,,,,,,,,,,,,
340,580,15,TRUE,340,14503,105,TRUE,340,45,55,TRUE,340,3376,5,TRUE,,,,,,,,,,,,,,,,
341,578,15,TRUE,341,14418,105,TRUE,341,45,55,TRUE,341,3368,5,TRUE,,,,,,,,,,,,,,,,
342,571,15,TRUE,342,14338,105,TRUE,342,45,55,TRUE,342,3338,5,TRUE,,,,,,,,,,,,,,,,
343,571,15,TRUE,343,14234,105,TRUE,343,45,55,TRUE,343,3327,5,TRUE,,,,,,,,,,,,,,,,
344,568,15,TRUE,344,14145,105,TRUE,344,45,55,TRUE,344,3310,5,TRUE,,,,,,,,,,,,,,,,
345,566,15,TRUE,345,14035,105,TRUE,345,45,55,TRUE,345,3296,5,TRUE,,,,,,,,,,,,,,,,
346,560,15,TRUE,346,13944,105,TRUE,346,45,55,TRUE,346,3278,5,TRUE,,,,,,,,,,,,,,,,
347,555,15,TRUE,347,13855,105,TRUE,347,45,55,TRUE,347,3263,5,TRUE,,,,,,,,,,,,,,,,
348,554,15,TRUE,348,13757,105,TRUE,348,45,55,TRUE,348,3251,5,TRUE,,,,,,,,,,,,,,,,
349,553,15,TRUE,349,13660,105,TRUE,349,45,55,TRUE,349,3226,5,TRUE,,,,,,,,,,,,,,,,
350,553,15,TRUE,350,13574,105,TRUE,350,45,55,TRUE,350,3201,5,TRUE,,,,,,,,,,,,,,,,
351,548,15,TRUE,351,13480,105,TRUE,351,45,55,TRUE,351,3182,5,TRUE,,,,,,,,,,,,,,,,
352,542,15,TRUE,352,13386,105,TRUE,352,45,55,TRUE,352,3156,5,TRUE,,,,,,,,,,,,,,,,
353,538,15,TRUE,353,13268,105,TRUE,353,44,55,TRUE,353,3127,5,TRUE,,,,,,,,,,,,,,,,
354,530,15,TRUE,354,13180,105,TRUE,354,42,55,TRUE,354,3109,5,TRUE,,,,,,,,,,,,,,,,
355,529,15,TRUE,355,13047,105,TRUE,355,42,55,TRUE,355,3093,5,TRUE,,,,,,,,,,,,,,,,
356,525,15,TRUE,356,12918,105,TRUE,356,42,55,TRUE,356,3078,5,TRUE,,,,,,,,,,,,,,,,
357,520,15,TRUE,357,12808,105,TRUE,357,42,55,TRUE,357,3070,5,TRUE,,,,,,,,,,,,,,,,
358,516,15,TRUE,358,12715,105,TRUE,358,42,55,TRUE,358,3054,5,TRUE,,,,,,,,,,,,,,,,
359,515,15,TRUE,359,12613,105,TRUE,359,42,55,TRUE,359,3046,5,TRUE,,,,,,,,,,,,,,,,
360,510,15,TRUE,360,12526,105,TRUE,360,42,55,TRUE,360,3036,5,TRUE,,,,,,,,,,,,,,,,
361,509,15,TRUE,361,12463,105,TRUE,361,42,55,TRUE,361,3037,5,TRUE,,,,,,,,,,,,,,,,
362,510,15,TRUE,362,12470,105,TRUE,362,42,55,TRUE,362,3038,5,TRUE,,,,,,,,,,,,,,,,
363,510,15,TRUE,363,12483,105,TRUE,363,42,55,TRUE,363,3040,5,TRUE,,,,,,,,,,,,,,,,
364,509,15,TRUE,364,12499,105,TRUE,364,42,55,TRUE,364,3044,5,TRUE,,,,,,,,,,,,,,,,
365,510,15,TRUE,365,12516,105,TRUE,365,42,55,TRUE,365,3046,5,TRUE,,,,,,,,,,,,,,,,
366,510,15,TRUE,366,12527,105,TRUE,366,42,55,TRUE,366,3050,5,TRUE,,,,,,,,,,,,,,,,
367,511,15,TRUE,367,12547,105,TRUE,367,42,55,TRUE,367,3053,5,TRUE,,,,,,,,,,,,,,,,
368,511,15,TRUE,368,12565,105,TRUE,368,42,55,TRUE,368,3056,5,TRUE,,,,,,,,,,,,,,,,
369,512,15,TRUE,369,12582,105,TRUE,369,42,55,TRUE,369,3061,5,TRUE,,,,,,,,,,,,,,,,
370,512,15,TRUE,370,12607,105,TRUE,370,42,55,TRUE,370,3064,5,TRUE,,,,,,,,,,,,,,,,
371,512,15,TRUE,371,12630,105,TRUE,371,42,55,TRUE,371,3066,5,TRUE,,,,,,,,,,,,,,,,
372,513,15,TRUE,372,12647,105,TRUE,372,42,55,TRUE,372,3072,5,TRUE,,,,,,,,,,,,,,,,
373,513,15,TRUE,373,12667,105,TRUE,373,42,55,TRUE,373,3073,5,TRUE,,,,,,,,,,,,,,,,
374,515,15,TRUE,374,12686,105,TRUE,374,42,55,TRUE,374,3074,5,TRUE,,,,,,,,,,,,,,,,
375,515,15,TRUE,375,12704,105,TRUE,375,42,55,TRUE,375,3079,5,TRUE,,,,,,,,,,,,,,,,
376,516,15,TRUE,376,12729,105,TRUE,376,42,55,TRUE,376,3083,5,TRUE,,,,,,,,,,,,,,,,
377,515,15,TRUE,377,12751,105,TRUE,377,42,55,TRUE,377,3089,5,TRUE,,,,,,,,,,,,,,,,
378,515,15,TRUE,378,12770,105,TRUE,378,42,55,TRUE,378,3096,5,TRUE,,,,,,,,,,,,,,,,
379,514,15,TRUE,379,12793,105,TRUE,379,42,55,TRUE,379,3101,5,TRUE,,,,,,,,,,,,,,,,
380,517,15,TRUE,380,12808,105,TRUE,380,42,55,TRUE,380,3101,5,TRUE,,,,,,,,,,,,,,,,
381,517,15,TRUE,381,12817,105,TRUE,381,42,55,TRUE,381,3102,5,TRUE,,,,,,,,,,,,,,,,
382,517,15,TRUE,382,12827,105,TRUE,382,42,55,TRUE,382,3109,5,TRUE,,,,,,,,,,,,,,,,
383,517,15,TRUE,383,12836,105,TRUE,383,42,55,TRUE,383,3115,5,TRUE,,,,,,,,,,,,,,,,
384,519,15,TRUE,384,12851,105,TRUE,384,42,55,TRUE,384,3120,5,TRUE,,,,,,,,,,,,,,,,
385,519,15,TRUE,385,12866,105,TRUE,385,42,55,TRUE,385,3122,5,TRUE,,,,,,,,,,,,,,,,
386,520,15,TRUE,386,12885,105,TRUE,386,42,55,TRUE,386,3130,5,TRUE,,,,,,,,,,,,,,,,
387,521,15,TRUE,387,12903,105,TRUE,387,42,55,TRUE,387,3133,5,TRUE,,,,,,,,,,,,,,,,
388,521,15,TRUE,388,12919,105,TRUE,388,42,55,TRUE,388,3135,5,TRUE,,,,,,,,,,,,,,,,
389,522,15,TRUE,389,12935,105,TRUE,389,42,55,TRUE,389,3136,5,TRUE,,,,,,,,,,,,,,,,
390,523,15,TRUE,390,12948,105,TRUE,390,42,55,TRUE,390,3141,5,TRUE,,,,,,,,,,,,,,,,
391,523,15,TRUE,391,12960,105,TRUE,391,42,55,TRUE,391,3145,5,TRUE,,,,,,,,,,,,,,,,
392,523,15,TRUE,392,12984,105,TRUE,392,42,55,TRUE,392,3154,5,TRUE,,,,,,,,,,,,,,,,
393,523,15,TRUE,393,13003,105,TRUE,393,42,55,TRUE,393,3159,5,TRUE,,,,,,,,,,,,,,,,
394,523,15,TRUE,394,13021,105,TRUE,394,42,55,TRUE,394,3161,5,TRUE,,,,,,,,,,,,,,,,
395,523,15,TRUE,395,13034,105,TRUE,395,42,55,TRUE,395,3166,5,TRUE,,,,,,,,,,,,,,,,
396,524,15,TRUE,396,13051,105,TRUE,396,42,55,TRUE,396,3174,5,TRUE,,,,,,,,,,,,,,,,
397,524,15,TRUE,397,13062,105,TRUE,397,42,55,TRUE,397,3181,5,TRUE,,,,,,,,,,,,,,,,
398,524,15,TRUE,398,13080,105,TRUE,398,42,55,TRUE,398,3186,5,TRUE,,,,,,,,,,,,,,,,
399,525,15,TRUE,399,13108,105,TRUE,399,42,55,TRUE,399,3193,5,TRUE,,,,,,,,,,,,,,,,
400,526,15,TRUE,400,13133,105,TRUE,400,42,55,TRUE,400,3194,5,TRUE,,,,,,,,,,,,,,,,
401,527,15,TRUE,401,13146,105,TRUE,401,42,55,TRUE,401,3196,5,TRUE,,,,,,,,,,,,,,,,
402,528,15,TRUE,402,13161,105,TRUE,402,42,55,TRUE,402,3196,5,TRUE,,,,,,,,,,,,,,,,
403,529,15,TRUE,403,13178,105,TRUE,403,42,55,TRUE,403,3199,5,TRUE,,,,,,,,,,,,,,,,
404,531,15,TRUE,404,13194,105,TRUE,404,42,55,TRUE,404,3201,5,TRUE,,,,,,,,,,,,,,,,
405,533,15,TRUE,405,13212,105,TRUE,405,41,55,TRUE,405,3206,5,TRUE,,,,,,,,,,,,,,,,
406,534,15,TRUE,406,13242,105,TRUE,406,41,55,TRUE,406,3211,5,TRUE,,,,,,,,,,,,,,,,
407,536,15,TRUE,407,13270,105,TRUE,407,41,55,TRUE,407,3215,5,TRUE,,,,,,,,,,,,,,,,
408,535,15,TRUE,408,13292,105,TRUE,408,41,55,TRUE,408,3217,5,TRUE,,,,,,,,,,,,,,,,
409,537,15,TRUE,409,13307,105,TRUE,409,41,55,TRUE,409,3217,5,TRUE,,,,,,,,,,,,,,,,
410,538,15,TRUE,410,13322,105,TRUE,410,41,55,TRUE,410,3222,5,TRUE,,,,,,,,,,,,,,,,
411,540,15,TRUE,411,13341,105,TRUE,411,41,55,TRUE,411,3229,5,TRUE,,,,,,,,,,,,,,,,
412,542,15,TRUE,412,13357,105,TRUE,412,41,55,TRUE,412,3233,5,TRUE,,,,,,,,,,,,,,,,
413,542,15,TRUE,413,13370,105,TRUE,413,41,55,TRUE,413,3236,5,TRUE,,,,,,,,,,,,,,,,
414,543,15,TRUE,414,13389,105,TRUE,414,41,55,TRUE,414,3239,5,TRUE,,,,,,,,,,,,,,,,
415,543,15,TRUE,415,13408,105,TRUE,415,41,55,TRUE,415,3239,5,TRUE,,,,,,,,,,,,,,,,
416,544,15,TRUE,416,13413,105,TRUE,416,41,55,TRUE,416,3242,5,TRUE,,,,,,,,,,,,,,,,
417,544,15,TRUE,417,13426,105,TRUE,417,42,55,TRUE,417,3248,5,TRUE,,,,,,,,,,,,,,,,
418,544,15,TRUE,418,13441,105,TRUE,418,42,55,TRUE,418,3254,5,TRUE,,,,,,,,,,,,,,,,
419,544,15,TRUE,419,13462,105,TRUE,419,42,55,TRUE,419,3257,5,TRUE,,,,,,,,,,,,,,,,
420,544,15,TRUE,420,13487,105,TRUE,420,42,55,TRUE,420,3260,5,TRUE,,,,,,,,,,,,,,,,
421,546,15,TRUE,421,13510,105,TRUE,421,42,55,TRUE,421,3262,5,TRUE,,,,,,,,,,,,,,,,
422,547,15,TRUE,422,13533,105,TRUE,422,42,55,TRUE,422,3268,5,TRUE,,,,,,,,,,,,,,,,
423,549,15,TRUE,423,13546,105,TRUE,423,42,55,TRUE,423,3271,5,TRUE,,,,,,,,,,,,,,,,
424,551,15,TRUE,424,13567,105,TRUE,424,41,55,TRUE,424,3272,5,TRUE,,,,,,,,,,,,,,,,
425,551,15,TRUE,425,13588,105,TRUE,425,41,55,TRUE,425,3274,5,TRUE,,,,,,,,,,,,,,,,
426,550,15,TRUE,426,13603,105,TRUE,426,41,55,TRUE,426,3274,5,TRUE,,,,,,,,,,,,,,,,
427,552,15,TRUE,427,13615,105,TRUE,427,41,55,TRUE,427,3277,5,TRUE,,,,,,,,,,,,,,,,
428,553,15,TRUE,428,13632,105,TRUE,428,41,55,TRUE,428,3279,5,TRUE,,,,,,,,,,,,,,,,
429,554,15,TRUE,429,13654,105,TRUE,429,41,55,TRUE,429,3282,5,TRUE,,,,,,,,,,,,,,,,
430,554,15,TRUE,430,13679,105,TRUE,430,41,55,TRUE,430,3286,5,TRUE,,,,,,,,,,,,,,,,
431,554,15,TRUE,431,13708,105,TRUE,431,41,55,TRUE,431,3289,5,TRUE,,,,,,,,,,,,,,,,
432,555,15,TRUE,432,13725,105,TRUE,432,41,55,TRUE,432,3294,5,TRUE,,,,,,,,,,,,,,,,
433,557,15,TRUE,433,13740,105,TRUE,433,41,55,TRUE,433,3300,5,TRUE,,,,,,,,,,,,,,,,
434,557,15,TRUE,434,13763,105,TRUE,434,41,55,TRUE,434,3307,5,TRUE,,,,,,,,,,,,,,,,
435,558,15,TRUE,435,13786,105,TRUE,435,41,55,TRUE,435,3309,5,TRUE,,,,,,,,,,,,,,,,
436,558,15,TRUE,436,13807,105,TRUE,436,41,55,TRUE,436,3312,5,TRUE,,,,,,,,,,,,,,,,
437,559,15,TRUE,437,13829,105,TRUE,437,41,55,TRUE,437,3315,5,TRUE,,,,,,,,,,,,,,,,
438,560,15,TRUE,438,13842,105,TRUE,438,41,55,TRUE,438,3321,5,TRUE,,,,,,,,,,,,,,,,
439,559,15,TRUE,439,13849,105,TRUE,439,41,55,TRUE,439,3326,5,TRUE,,,,,,,,,,,,,,,,
440,559,15,TRUE,440,13862,105,TRUE,440,41,55,TRUE,440,3328,5,TRUE,,,,,,,,,,,,,,,,
441,558,15,TRUE,441,13881,105,TRUE,441,41,55,TRUE,441,3332,5,TRUE,,,,,,,,,,,,,,,,
442,558,15,TRUE,442,13900,105,TRUE,442,41,55,TRUE,442,3334,5,TRUE,,,,,,,,,,,,,,,,
443,558,15,TRUE,443,13915,105,TRUE,443,41,55,TRUE,443,3337,5,TRUE,,,,,,,,,,,,,,,,
444,560,15,TRUE,444,13939,105,TRUE,444,41,55,TRUE,444,3341,5,TRUE,,,,,,,,,,,,,,,,
445,562,15,TRUE,445,13960,105,TRUE,445,41,55,TRUE,445,3351,5,TRUE,,,,,,,,,,,,,,,,
446,562,15,TRUE,446,13980,105,TRUE,446,41,55,TRUE,446,3358,5,TRUE,,,,,,,,,,,,,,,,
447,561,15,TRUE,447,13997,105,TRUE,447,42,55,TRUE,447,3361,5,TRUE,,,,,,,,,,,,,,,,
448,562,15,TRUE,448,14014,105,TRUE,448,42,55,TRUE,448,3362,5,TRUE,,,,,,,,,,,,,,,,
449,563,15,TRUE,449,14041,105,TRUE,449,42,55,TRUE,449,3367,5,TRUE,,,,,,,,,,,,,,,,
450,564,15,TRUE,450,14059,105,TRUE,450,42,55,TRUE,450,3371,5,TRUE,,,,,,,,,,,,,,,,
451,564,15,TRUE,451,14075,105,TRUE,451,42,55,TRUE,451,3374,5,TRUE,,,,,,,,,,,,,,,,
452,564,15,TRUE,452,14090,105,TRUE,452,42,55,TRUE,452,3377,5,TRUE,,,,,,,,,,,,,,,,
453,564,15,TRUE,453,14108,105,TRUE,453,42,55,TRUE,453,3378,5,TRUE,,,,,,,,,,,,,,,,
454,565,15,TRUE,454,14127,105,TRUE,454,42,55,TRUE,454,3379,5,TRUE,,,,,,,,,,,,,,,,
455,566,15,TRUE,455,14150,105,TRUE,455,42,55,TRUE,455,3384,5,TRUE,,,,,,,,,,,,,,,,
456,566,15,TRUE,456,14176,105,TRUE,456,42,55,TRUE,456,3392,5,TRUE,,,,,,,,,,,,,,,,
457,568,15,TRUE,457,14197,105,TRUE,457,42,55,TRUE,457,3393,5,TRUE,,,,,,,,,,,,,,,,
458,569,15,TRUE,458,14216,105,TRUE,458,42,55,TRUE,458,3397,5,TRUE,,,,,,,,,,,,,,,,
459,569,15,TRUE,459,14225,105,TRUE,459,42,55,TRUE,459,3402,5,TRUE,,,,,,,,,,,,,,,,
460,572,15,TRUE,460,14237,105,TRUE,460,42,55,TRUE,460,3408,5,TRUE,,,,,,,,,,,,,,,,
461,575,15,TRUE,461,14261,105,TRUE,461,42,55,TRUE,461,3413,5,TRUE,,,,,,,,,,,,,,,,
462,577,15,TRUE,462,14278,105,TRUE,462,42,55,TRUE,462,3419,5,TRUE,,,,,,,,,,,,,,,,
463,577,15,TRUE,463,14300,105,TRUE,463,42,55,TRUE,463,3424,5,TRUE,,,,,,,,,,,,,,,,
464,577,15,TRUE,464,14320,105,TRUE,464,42,55,TRUE,464,3426,5,TRUE,,,,,,,,,,,,,,,,
465,578,15,TRUE,465,14337,105,TRUE,465,42,55,TRUE,465,3429,5,TRUE,,,,,,,,,,,,,,,,
466,579,15,TRUE,466,14353,105,TRUE,466,42,55,TRUE,466,3435,5,TRUE,,,,,,,,,,,,,,,,
467,579,15,TRUE,467,14375,105,TRUE,467,42,55,TRUE,467,3441,5,TRUE,,,,,,,,,,,,,,,,
468,580,15,TRUE,468,14399,105,TRUE,468,42,55,TRUE,468,3449,5,TRUE,,,,,,,,,,,,,,,,
469,581,15,TRUE,469,14422,105,TRUE,469,42,55,TRUE,469,3457,5,TRUE,,,,,,,,,,,,,,,,
470,581,15,TRUE,470,14440,105,TRUE,470,42,55,TRUE,470,3466,5,TRUE,,,,,,,,,,,,,,,,
471,582,15,TRUE,471,14461,105,TRUE,471,42,55,TRUE,471,3476,5,TRUE,,,,,,,,,,,,,,,,
472,584,15,TRUE,472,14483,105,TRUE,472,42,55,TRUE,472,3486,5,TRUE,,,,,,,,,,,,,,,,
473,585,15,TRUE,473,14510,105,TRUE,473,42,55,TRUE,473,3490,5,TRUE,,,,,,,,,,,,,,,,
474,585,15,TRUE,474,14538,105,TRUE,474,42,55,TRUE,474,3492,5,TRUE,,,,,,,,,,,,,,,,
475,586,15,TRUE,475,14562,105,TRUE,475,42,55,TRUE,475,3496,5,TRUE,,,,,,,,,,,,,,,,
476,586,15,TRUE,476,14580,105,TRUE,476,42,55,TRUE,476,3497,5,TRUE,,,,,,,,,,,,,,,,
477,588,15,TRUE,477,14600,105,TRUE,477,42,55,TRUE,477,3501,5,TRUE,,,,,,,,,,,,,,,,
478,590,15,TRUE,478,14624,105,TRUE,478,42,55,TRUE,478,3505,5,TRUE,,,,,,,,,,,,,,,,
479,591,15,TRUE,479,14670,105,TRUE,479,42,55,TRUE,479,3506,5,TRUE,,,,,,,,,,,,,,,,
480,591,15,TRUE,480,14707,105,TRUE,480,42,55,TRUE,480,3514,5,TRUE,,,,,,,,,,,,,,,,
481,592,15,TRUE,481,14729,105,TRUE,481,42,55,TRUE,481,3520,5,TRUE,,,,,,,,,,,,,,,,
482,593,15,TRUE,482,14749,105,TRUE,482,42,55,TRUE,482,3525,5,TRUE,,,,,,,,,,,,,,,,
483,595,15,TRUE,483,14765,105,TRUE,483,42,55,TRUE,483,3530,5,TRUE,,,,,,,,,,,,,,,,
484,597,15,TRUE,484,14781,105,TRUE,484,42,55,TRUE,484,3535,5,TRUE,,,,,,,,,,,,,,,,
485,597,15,TRUE,485,14793,105,TRUE,485,42,55,TRUE,485,3543,5,TRUE,,,,,,,,,,,,,,,,
486,598,15,TRUE,486,14818,105,TRUE,486,42,55,TRUE,486,3550,5,TRUE,,,,,,,,,,,,,,,,
487,598,15,TRUE,487,14842,105,TRUE,487,42,55,TRUE,487,3555,5,TRUE,,,,,,,,,,,,,,,,
488,599,15,TRUE,488,14862,105,TRUE,488,42,55,TRUE,488,3559,5,TRUE,,,,,,,,,,,,,,,,
489,600,15,TRUE,489,14887,105,TRUE,489,42,55,TRUE,489,3569,5,TRUE,,,,,,,,,,,,,,,,
490,600,15,TRUE,490,14915,105,TRUE,490,42,55,TRUE,490,3578,5,TRUE,,,,,,,,,,,,,,,,
491,600,15,TRUE,491,14944,105,TRUE,491,42,55,TRUE,491,3583,5,TRUE,,,,,,,,,,,,,,,,
492,602,15,TRUE,492,14973,105,TRUE,492,42,55,TRUE,492,3591,5,TRUE,,,,,,,,,,,,,,,,
493,603,15,TRUE,493,14998,105,TRUE,493,42,55,TRUE,493,3598,5,TRUE,,,,,,,,,,,,,,,,
494,603,15,TRUE,494,15022,105,TRUE,494,42,55,TRUE,494,3606,5,TRUE,,,,,,,,,,,,,,,,
495,605,15,TRUE,495,15046,105,TRUE,495,42,55,TRUE,495,3612,5,TRUE,,,,,,,,,,,,,,,,
496,607,15,TRUE,496,15071,105,TRUE,496,42,55,TRUE,496,3622,5,TRUE,,,,,,,,,,,,,,,,
497,610,15,TRUE,497,15094,105,TRUE,497,42,55,TRUE,497,3628,5,TRUE,,,,,,,,,,,,,,,,
498,611,15,TRUE,498,15123,105,TRUE,498,42,55,TRUE,498,3634,5,TRUE,,,,,,,,,,,,,,,,
499,611,15,TRUE,499,15139,105,TRUE,499,42,55,TRUE,499,3643,5,TRUE,,,,,,,,,,,,,,,,
500,612,15,TRUE,500,15160,105,TRUE,500,42,55,TRUE,500,3651,5,TRUE,,,,,,,,,,,,,,,,
501,614,15,TRUE,501,15181,105,TRUE,501,42,55,TRUE,501,3653,5,TRUE,,,,,,,,,,,,,,,,
502,614,15,TRUE,502,15196,105,TRUE,502,42,55,TRUE,502,3658,5,TRUE,,,,,,,,,,,,,,,,
503,614,15,TRUE,503,15209,105,TRUE,503,42,55,TRUE,503,3665,5,TRUE,,,,,,,,,,,,,,,,
504,614,15,TRUE,504,15228,105,TRUE,504,42,55,TRUE,504,3668,5,TRUE,,,,,,,,,,,,,,,,
505,614,15,TRUE,505,15248,105,TRUE,505,42,55,TRUE,505,3676,5,TRUE,,,,,,,,,,,,,,,,
506,614,15,TRUE,506,15275,105,TRUE,506,42,55,TRUE,506,3687,5,TRUE,,,,,,,,,,,,,,,,
507,615,15,TRUE,507,15293,105,TRUE,507,43,55,TRUE,507,3691,5,TRUE,,,,,,,,,,,,,,,,
508,617,15,TRUE,508,15319,105,TRUE,508,43,55,TRUE,508,3693,5,TRUE,,,,,,,,,,,,,,,,
509,618,15,TRUE,509,15349,105,TRUE,509,43,55,TRUE,509,3698,5,TRUE,,,,,,,,,,,,,,,,
510,617,15,TRUE,510,15369,105,TRUE,510,43,55,TRUE,510,3706,5,TRUE,,,,,,,,,,,,,,,,
511,617,15,TRUE,511,15391,105,TRUE,511,43,55,TRUE,511,3714,5,TRUE,,,,,,,,,,,,,,,,
512,618,15,TRUE,512,15413,105,TRUE,512,43,55,TRUE,512,3721,5,TRUE,,,,,,,,,,,,,,,,
513,619,15,TRUE,513,15442,105,TRUE,513,43,55,TRUE,513,3729,5,TRUE,,,,,,,,,,,,,,,,
514,621,15,TRUE,514,15467,105,TRUE,514,43,55,TRUE,514,3737,5,TRUE,,,,,,,,,,,,,,,,
515,622,15,TRUE,515,15488,105,TRUE,515,43,55,TRUE,515,3748,5,TRUE,,,,,,,,,,,,,,,,
516,623,15,TRUE,516,15511,105,TRUE,516,43,55,TRUE,516,3754,5,TRUE,,,,,,,,,,,,,,,,
517,625,15,TRUE,517,15535,105,TRUE,517,43,55,TRUE,517,3755,5,TRUE,,,,,,,,,,,,,,,,
518,626,15,TRUE,518,15552,105,TRUE,518,43,55,TRUE,518,3755,5,TRUE,,,,,,,,,,,,,,,,
519,626,15,TRUE,519,15574,105,TRUE,519,43,55,TRUE,519,3760,5,TRUE,,,,,,,,,,,,,,,,
520,626,15,TRUE,520,15600,105,TRUE,520,43,55,TRUE,520,3765,5,TRUE,,,,,,,,,,,,,,,,
521,626,15,TRUE,521,15623,105,TRUE,521,43,55,TRUE,521,3769,5,TRUE,,,,,,,,,,,,,,,,
522,626,15,TRUE,522,15640,105,TRUE,522,43,55,TRUE,522,3777,5,TRUE,,,,,,,,,,,,,,,,
523,626,15,TRUE,523,15671,105,TRUE,523,43,55,TRUE,523,3784,5,TRUE,,,,,,,,,,,,,,,,
524,627,15,TRUE,524,15704,105,TRUE,524,43,55,TRUE,524,3789,5,TRUE,,,,,,,,,,,,,,,,
525,628,15,TRUE,525,15735,105,TRUE,525,43,55,TRUE,525,3797,5,TRUE,,,,,,,,,,,,,,,,
526,628,15,TRUE,526,15766,105,TRUE,526,43,55,TRUE,526,3800,5,TRUE,,,,,,,,,,,,,,,,
527,628,15,TRUE,527,15791,105,TRUE,527,43,55,TRUE,527,3804,5,TRUE,,,,,,,,,,,,,,,,
528,628,15,TRUE,528,15809,105,TRUE,528,43,55,TRUE,528,3810,5,TRUE,,,,,,,,,,,,,,,,
529,628,15,TRUE,529,15837,105,TRUE,529,43,55,TRUE,529,3815,5,TRUE,,,,,,,,,,,,,,,,
530,628,15,TRUE,530,15870,105,TRUE,530,43,55,TRUE,530,3821,5,TRUE,,,,,,,,,,,,,,,,
531,628,15,TRUE,531,15898,105,TRUE,531,43,55,TRUE,531,3830,5,TRUE,,,,,,,,,,,,,,,,
532,628,15,TRUE,532,15929,105,TRUE,532,43,55,TRUE,532,3840,5,TRUE,,,,,,,,,,,,,,,,
533,628,15,TRUE,533,15957,105,TRUE,533,43,55,TRUE,533,3846,5,TRUE,,,,,,,,,,,,,,,,
534,628,15,TRUE,534,15982,105,TRUE,534,43,55,TRUE,534,3854,5,TRUE,,,,,,,,,,,,,,,,
535,629,15,TRUE,535,16005,105,TRUE,535,43,55,TRUE,535,3866,5,TRUE,,,,,,,,,,,,,,,,
536,631,15,TRUE,536,16035,105,TRUE,536,43,55,TRUE,536,3872,5,TRUE,,,,,,,,,,,,,,,,
537,632,15,TRUE,537,16066,105,TRUE,537,43,55,TRUE,537,3873,5,TRUE,,,,,,,,,,,,,,,,